audio_path,genre,title,artist,lyrics
C:\Narasimha\KLETU Related\6th Semester Related\GenAI and NLP\GenAI\Course Project\Dataset\GTZAN\genres_original\blues\blues.00000.wav,blues,Peoria Lunch Box Blues,Songs: Ohia,LYRICS_NOT_FOUND
C:\Narasimha\KLETU Related\6th Semester Related\GenAI and NLP\GenAI\Course Project\Dataset\GTZAN\genres_original\blues\blues.00001.wav,blues,Peoria Lunch Box Blues,Songs: Ohia,LYRICS_NOT_FOUND
C:\Narasimha\KLETU Related\6th Semester Related\GenAI and NLP\GenAI\Course Project\Dataset\GTZAN\genres_original\blues\blues.00002.wav,blues,Peoria Lunch Box Blues,Songs: Ohia,LYRICS_NOT_FOUND
C:\Narasimha\KLETU Related\6th Semester Related\GenAI and NLP\GenAI\Course Project\Dataset\GTZAN\genres_original\blues\blues.00003.wav,blues,Peoria Lunch Box Blues,Songs: Ohia,LYRICS_NOT_FOUND
C:\Narasimha\KLETU Related\6th Semester Related\GenAI and NLP\GenAI\Course Project\Dataset\GTZAN\genres_original\blues\blues.00004.wav,blues,Peoria Lunch Box Blues,Songs: Ohia,LYRICS_NOT_FOUND
C:\Narasimha\KLETU Related\6th Semester Related\GenAI and NLP\GenAI\Course Project\Dataset\GTZAN\genres_original\blues\blues.00005.wav,blues,Peoria Lunch Box Blues,Songs: Ohia,LYRICS_NOT_FOUND
C:\Narasimha\KLETU Related\6th Semester Related\GenAI and NLP\GenAI\Course Project\Dataset\GTZAN\genres_original\blues\blues.00006.wav,blues,Peoria Lunch Box Blues,Songs: Ohia,LYRICS_NOT_FOUND
C:\Narasimha\KLETU Related\6th Semester Related\GenAI and NLP\GenAI\Course Project\Dataset\GTZAN\genres_original\blues\blues.00007.wav,blues,Peoria Lunch Box Blues,Songs: Ohia,LYRICS_NOT_FOUND
C:\Narasimha\KLETU Related\6th Semester Related\GenAI and NLP\GenAI\Course Project\Dataset\GTZAN\genres_original\blues\blues.00008.wav,blues,Peoria Lunch Box Blues,Songs: Ohia,LYRICS_NOT_FOUND
C:\Narasimha\KLETU Related\6th Semester Related\GenAI and NLP\GenAI\Course Project\Dataset\GTZAN\genres_original\blues\blues.00009.wav,blues,Peoria Lunch Box Blues,Songs: Ohia,LYRICS_NOT_FOUND
C:\Narasimha\KLETU Related\6th Semester Related\GenAI and NLP\GenAI\Course Project\Dataset\GTZAN\genres_original\blues\blues.00010.wav,blues,Peoria Lunch Box Blues,Songs: Ohia,LYRICS_NOT_FOUND
C:\Narasimha\KLETU Related\6th Semester Related\GenAI and NLP\GenAI\Course Project\Dataset\GTZAN\genres_original\blues\blues.00011.wav,blues,Peoria Lunch Box Blues,Songs: Ohia,LYRICS_NOT_FOUND
C:\Narasimha\KLETU Related\6th Semester Related\GenAI and NLP\GenAI\Course Project\Dataset\GTZAN\genres_original\blues\blues.00012.wav,blues,Peoria Lunch Box Blues,Songs: Ohia,LYRICS_NOT_FOUND
C:\Narasimha\KLETU Related\6th Semester Related\GenAI and NLP\GenAI\Course Project\Dataset\GTZAN\genres_original\blues\blues.00013.wav,blues,Peoria Lunch Box Blues,Songs: Ohia,LYRICS_NOT_FOUND
C:\Narasimha\KLETU Related\6th Semester Related\GenAI and NLP\GenAI\Course Project\Dataset\GTZAN\genres_original\blues\blues.00014.wav,blues,Peoria Lunch Box Blues,Songs: Ohia,LYRICS_NOT_FOUND
C:\Narasimha\KLETU Related\6th Semester Related\GenAI and NLP\GenAI\Course Project\Dataset\GTZAN\genres_original\blues\blues.00015.wav,blues,Peoria Lunch Box Blues,Songs: Ohia,LYRICS_NOT_FOUND
C:\Narasimha\KLETU Related\6th Semester Related\GenAI and NLP\GenAI\Course Project\Dataset\GTZAN\genres_original\blues\blues.00016.wav,blues,Peoria Lunch Box Blues,Songs: Ohia,LYRICS_NOT_FOUND
C:\Narasimha\KLETU Related\6th Semester Related\GenAI and NLP\GenAI\Course Project\Dataset\GTZAN\genres_original\blues\blues.00017.wav,blues,Peoria Lunch Box Blues,Songs: Ohia,LYRICS_NOT_FOUND
C:\Narasimha\KLETU Related\6th Semester Related\GenAI and NLP\GenAI\Course Project\Dataset\GTZAN\genres_original\blues\blues.00018.wav,blues,Peoria Lunch Box Blues,Songs: Ohia,LYRICS_NOT_FOUND
C:\Narasimha\KLETU Related\6th Semester Related\GenAI and NLP\GenAI\Course Project\Dataset\GTZAN\genres_original\blues\blues.00019.wav,blues,Peoria Lunch Box Blues,Songs: Ohia,LYRICS_NOT_FOUND
C:\Narasimha\KLETU Related\6th Semester Related\GenAI and NLP\GenAI\Course Project\Dataset\GTZAN\genres_original\blues\blues.00020.wav,blues,Peoria Lunch Box Blues,Songs: Ohia,LYRICS_NOT_FOUND
C:\Narasimha\KLETU Related\6th Semester Related\GenAI and NLP\GenAI\Course Project\Dataset\GTZAN\genres_original\blues\blues.00021.wav,blues,Peoria Lunch Box Blues,Songs: Ohia,LYRICS_NOT_FOUND
C:\Narasimha\KLETU Related\6th Semester Related\GenAI and NLP\GenAI\Course Project\Dataset\GTZAN\genres_original\blues\blues.00022.wav,blues,Peoria Lunch Box Blues,Songs: Ohia,LYRICS_NOT_FOUND
C:\Narasimha\KLETU Related\6th Semester Related\GenAI and NLP\GenAI\Course Project\Dataset\GTZAN\genres_original\blues\blues.00023.wav,blues,Peoria Lunch Box Blues,Songs: Ohia,LYRICS_NOT_FOUND
C:\Narasimha\KLETU Related\6th Semester Related\GenAI and NLP\GenAI\Course Project\Dataset\GTZAN\genres_original\blues\blues.00024.wav,blues,Peoria Lunch Box Blues,Songs: Ohia,LYRICS_NOT_FOUND
C:\Narasimha\KLETU Related\6th Semester Related\GenAI and NLP\GenAI\Course Project\Dataset\GTZAN\genres_original\blues\blues.00025.wav,blues,Peoria Lunch Box Blues,Songs: Ohia,LYRICS_NOT_FOUND
C:\Narasimha\KLETU Related\6th Semester Related\GenAI and NLP\GenAI\Course Project\Dataset\GTZAN\genres_original\blues\blues.00026.wav,blues,Peoria Lunch Box Blues,Songs: Ohia,LYRICS_NOT_FOUND
C:\Narasimha\KLETU Related\6th Semester Related\GenAI and NLP\GenAI\Course Project\Dataset\GTZAN\genres_original\blues\blues.00027.wav,blues,Peoria Lunch Box Blues,Songs: Ohia,LYRICS_NOT_FOUND
C:\Narasimha\KLETU Related\6th Semester Related\GenAI and NLP\GenAI\Course Project\Dataset\GTZAN\genres_original\blues\blues.00028.wav,blues,Peoria Lunch Box Blues,Songs: Ohia,LYRICS_NOT_FOUND
C:\Narasimha\KLETU Related\6th Semester Related\GenAI and NLP\GenAI\Course Project\Dataset\GTZAN\genres_original\blues\blues.00029.wav,blues,Peoria Lunch Box Blues,Songs: Ohia,LYRICS_NOT_FOUND
C:\Narasimha\KLETU Related\6th Semester Related\GenAI and NLP\GenAI\Course Project\Dataset\GTZAN\genres_original\blues\blues.00030.wav,blues,Peoria Lunch Box Blues,Songs: Ohia,LYRICS_NOT_FOUND
C:\Narasimha\KLETU Related\6th Semester Related\GenAI and NLP\GenAI\Course Project\Dataset\GTZAN\genres_original\blues\blues.00031.wav,blues,Peoria Lunch Box Blues,Songs: Ohia,LYRICS_NOT_FOUND
C:\Narasimha\KLETU Related\6th Semester Related\GenAI and NLP\GenAI\Course Project\Dataset\GTZAN\genres_original\blues\blues.00032.wav,blues,Peoria Lunch Box Blues,Songs: Ohia,LYRICS_NOT_FOUND
C:\Narasimha\KLETU Related\6th Semester Related\GenAI and NLP\GenAI\Course Project\Dataset\GTZAN\genres_original\blues\blues.00033.wav,blues,Peoria Lunch Box Blues,Songs: Ohia,LYRICS_NOT_FOUND
C:\Narasimha\KLETU Related\6th Semester Related\GenAI and NLP\GenAI\Course Project\Dataset\GTZAN\genres_original\blues\blues.00034.wav,blues,Peoria Lunch Box Blues,Songs: Ohia,LYRICS_NOT_FOUND
C:\Narasimha\KLETU Related\6th Semester Related\GenAI and NLP\GenAI\Course Project\Dataset\GTZAN\genres_original\blues\blues.00035.wav,blues,Peoria Lunch Box Blues,Songs: Ohia,LYRICS_NOT_FOUND
C:\Narasimha\KLETU Related\6th Semester Related\GenAI and NLP\GenAI\Course Project\Dataset\GTZAN\genres_original\blues\blues.00036.wav,blues,Peoria Lunch Box Blues,Songs: Ohia,LYRICS_NOT_FOUND
C:\Narasimha\KLETU Related\6th Semester Related\GenAI and NLP\GenAI\Course Project\Dataset\GTZAN\genres_original\blues\blues.00037.wav,blues,Peoria Lunch Box Blues,Songs: Ohia,LYRICS_NOT_FOUND
C:\Narasimha\KLETU Related\6th Semester Related\GenAI and NLP\GenAI\Course Project\Dataset\GTZAN\genres_original\blues\blues.00038.wav,blues,Peoria Lunch Box Blues,Songs: Ohia,LYRICS_NOT_FOUND
C:\Narasimha\KLETU Related\6th Semester Related\GenAI and NLP\GenAI\Course Project\Dataset\GTZAN\genres_original\blues\blues.00039.wav,blues,Peoria Lunch Box Blues,Songs: Ohia,LYRICS_NOT_FOUND
C:\Narasimha\KLETU Related\6th Semester Related\GenAI and NLP\GenAI\Course Project\Dataset\GTZAN\genres_original\blues\blues.00040.wav,blues,Peoria Lunch Box Blues,Songs: Ohia,LYRICS_NOT_FOUND
C:\Narasimha\KLETU Related\6th Semester Related\GenAI and NLP\GenAI\Course Project\Dataset\GTZAN\genres_original\blues\blues.00041.wav,blues,Peoria Lunch Box Blues,Songs: Ohia,LYRICS_NOT_FOUND
C:\Narasimha\KLETU Related\6th Semester Related\GenAI and NLP\GenAI\Course Project\Dataset\GTZAN\genres_original\blues\blues.00042.wav,blues,Peoria Lunch Box Blues,Songs: Ohia,LYRICS_NOT_FOUND
C:\Narasimha\KLETU Related\6th Semester Related\GenAI and NLP\GenAI\Course Project\Dataset\GTZAN\genres_original\blues\blues.00043.wav,blues,Peoria Lunch Box Blues,Songs: Ohia,LYRICS_NOT_FOUND
C:\Narasimha\KLETU Related\6th Semester Related\GenAI and NLP\GenAI\Course Project\Dataset\GTZAN\genres_original\blues\blues.00044.wav,blues,Peoria Lunch Box Blues,Songs: Ohia,LYRICS_NOT_FOUND
C:\Narasimha\KLETU Related\6th Semester Related\GenAI and NLP\GenAI\Course Project\Dataset\GTZAN\genres_original\blues\blues.00045.wav,blues,Peoria Lunch Box Blues,Songs: Ohia,LYRICS_NOT_FOUND
C:\Narasimha\KLETU Related\6th Semester Related\GenAI and NLP\GenAI\Course Project\Dataset\GTZAN\genres_original\blues\blues.00046.wav,blues,Peoria Lunch Box Blues,Songs: Ohia,LYRICS_NOT_FOUND
C:\Narasimha\KLETU Related\6th Semester Related\GenAI and NLP\GenAI\Course Project\Dataset\GTZAN\genres_original\blues\blues.00047.wav,blues,Peoria Lunch Box Blues,Songs: Ohia,LYRICS_NOT_FOUND
C:\Narasimha\KLETU Related\6th Semester Related\GenAI and NLP\GenAI\Course Project\Dataset\GTZAN\genres_original\blues\blues.00048.wav,blues,Peoria Lunch Box Blues,Songs: Ohia,LYRICS_NOT_FOUND
C:\Narasimha\KLETU Related\6th Semester Related\GenAI and NLP\GenAI\Course Project\Dataset\GTZAN\genres_original\blues\blues.00049.wav,blues,Peoria Lunch Box Blues,Songs: Ohia,LYRICS_NOT_FOUND
C:\Narasimha\KLETU Related\6th Semester Related\GenAI and NLP\GenAI\Course Project\Dataset\GTZAN\genres_original\blues\blues.00050.wav,blues,Peoria Lunch Box Blues,Songs: Ohia,LYRICS_NOT_FOUND
C:\Narasimha\KLETU Related\6th Semester Related\GenAI and NLP\GenAI\Course Project\Dataset\GTZAN\genres_original\blues\blues.00051.wav,blues,Peoria Lunch Box Blues,Songs: Ohia,LYRICS_NOT_FOUND
C:\Narasimha\KLETU Related\6th Semester Related\GenAI and NLP\GenAI\Course Project\Dataset\GTZAN\genres_original\blues\blues.00052.wav,blues,Peoria Lunch Box Blues,Songs: Ohia,LYRICS_NOT_FOUND
C:\Narasimha\KLETU Related\6th Semester Related\GenAI and NLP\GenAI\Course Project\Dataset\GTZAN\genres_original\blues\blues.00053.wav,blues,Peoria Lunch Box Blues,Songs: Ohia,LYRICS_NOT_FOUND
C:\Narasimha\KLETU Related\6th Semester Related\GenAI and NLP\GenAI\Course Project\Dataset\GTZAN\genres_original\blues\blues.00054.wav,blues,Peoria Lunch Box Blues,Songs: Ohia,LYRICS_NOT_FOUND
C:\Narasimha\KLETU Related\6th Semester Related\GenAI and NLP\GenAI\Course Project\Dataset\GTZAN\genres_original\blues\blues.00055.wav,blues,Peoria Lunch Box Blues,Songs: Ohia,LYRICS_NOT_FOUND
C:\Narasimha\KLETU Related\6th Semester Related\GenAI and NLP\GenAI\Course Project\Dataset\GTZAN\genres_original\blues\blues.00056.wav,blues,Peoria Lunch Box Blues,Songs: Ohia,LYRICS_NOT_FOUND
C:\Narasimha\KLETU Related\6th Semester Related\GenAI and NLP\GenAI\Course Project\Dataset\GTZAN\genres_original\blues\blues.00057.wav,blues,Peoria Lunch Box Blues,Songs: Ohia,LYRICS_NOT_FOUND
C:\Narasimha\KLETU Related\6th Semester Related\GenAI and NLP\GenAI\Course Project\Dataset\GTZAN\genres_original\blues\blues.00058.wav,blues,Peoria Lunch Box Blues,Songs: Ohia,LYRICS_NOT_FOUND
C:\Narasimha\KLETU Related\6th Semester Related\GenAI and NLP\GenAI\Course Project\Dataset\GTZAN\genres_original\blues\blues.00059.wav,blues,Peoria Lunch Box Blues,Songs: Ohia,LYRICS_NOT_FOUND
C:\Narasimha\KLETU Related\6th Semester Related\GenAI and NLP\GenAI\Course Project\Dataset\GTZAN\genres_original\blues\blues.00060.wav,blues,Peoria Lunch Box Blues,Songs: Ohia,LYRICS_NOT_FOUND
C:\Narasimha\KLETU Related\6th Semester Related\GenAI and NLP\GenAI\Course Project\Dataset\GTZAN\genres_original\blues\blues.00061.wav,blues,Peoria Lunch Box Blues,Songs: Ohia,LYRICS_NOT_FOUND
C:\Narasimha\KLETU Related\6th Semester Related\GenAI and NLP\GenAI\Course Project\Dataset\GTZAN\genres_original\blues\blues.00062.wav,blues,Peoria Lunch Box Blues,Songs: Ohia,LYRICS_NOT_FOUND
C:\Narasimha\KLETU Related\6th Semester Related\GenAI and NLP\GenAI\Course Project\Dataset\GTZAN\genres_original\blues\blues.00063.wav,blues,Peoria Lunch Box Blues,Songs: Ohia,LYRICS_NOT_FOUND
C:\Narasimha\KLETU Related\6th Semester Related\GenAI and NLP\GenAI\Course Project\Dataset\GTZAN\genres_original\blues\blues.00064.wav,blues,Peoria Lunch Box Blues,Songs: Ohia,LYRICS_NOT_FOUND
C:\Narasimha\KLETU Related\6th Semester Related\GenAI and NLP\GenAI\Course Project\Dataset\GTZAN\genres_original\blues\blues.00065.wav,blues,Peoria Lunch Box Blues,Songs: Ohia,LYRICS_NOT_FOUND
C:\Narasimha\KLETU Related\6th Semester Related\GenAI and NLP\GenAI\Course Project\Dataset\GTZAN\genres_original\blues\blues.00066.wav,blues,Peoria Lunch Box Blues,Songs: Ohia,LYRICS_NOT_FOUND
C:\Narasimha\KLETU Related\6th Semester Related\GenAI and NLP\GenAI\Course Project\Dataset\GTZAN\genres_original\blues\blues.00067.wav,blues,Peoria Lunch Box Blues,Songs: Ohia,LYRICS_NOT_FOUND
C:\Narasimha\KLETU Related\6th Semester Related\GenAI and NLP\GenAI\Course Project\Dataset\GTZAN\genres_original\blues\blues.00068.wav,blues,Peoria Lunch Box Blues,Songs: Ohia,LYRICS_NOT_FOUND
C:\Narasimha\KLETU Related\6th Semester Related\GenAI and NLP\GenAI\Course Project\Dataset\GTZAN\genres_original\blues\blues.00069.wav,blues,Peoria Lunch Box Blues,Songs: Ohia,LYRICS_NOT_FOUND
C:\Narasimha\KLETU Related\6th Semester Related\GenAI and NLP\GenAI\Course Project\Dataset\GTZAN\genres_original\blues\blues.00070.wav,blues,Peoria Lunch Box Blues,Songs: Ohia,LYRICS_NOT_FOUND
C:\Narasimha\KLETU Related\6th Semester Related\GenAI and NLP\GenAI\Course Project\Dataset\GTZAN\genres_original\blues\blues.00071.wav,blues,Peoria Lunch Box Blues,Songs: Ohia,LYRICS_NOT_FOUND
C:\Narasimha\KLETU Related\6th Semester Related\GenAI and NLP\GenAI\Course Project\Dataset\GTZAN\genres_original\blues\blues.00072.wav,blues,Peoria Lunch Box Blues,Songs: Ohia,LYRICS_NOT_FOUND
C:\Narasimha\KLETU Related\6th Semester Related\GenAI and NLP\GenAI\Course Project\Dataset\GTZAN\genres_original\blues\blues.00073.wav,blues,Peoria Lunch Box Blues,Songs: Ohia,LYRICS_NOT_FOUND
C:\Narasimha\KLETU Related\6th Semester Related\GenAI and NLP\GenAI\Course Project\Dataset\GTZAN\genres_original\blues\blues.00074.wav,blues,Peoria Lunch Box Blues,Songs: Ohia,LYRICS_NOT_FOUND
C:\Narasimha\KLETU Related\6th Semester Related\GenAI and NLP\GenAI\Course Project\Dataset\GTZAN\genres_original\blues\blues.00075.wav,blues,Peoria Lunch Box Blues,Songs: Ohia,LYRICS_NOT_FOUND
C:\Narasimha\KLETU Related\6th Semester Related\GenAI and NLP\GenAI\Course Project\Dataset\GTZAN\genres_original\blues\blues.00076.wav,blues,Peoria Lunch Box Blues,Songs: Ohia,LYRICS_NOT_FOUND
C:\Narasimha\KLETU Related\6th Semester Related\GenAI and NLP\GenAI\Course Project\Dataset\GTZAN\genres_original\blues\blues.00077.wav,blues,Peoria Lunch Box Blues,Songs: Ohia,LYRICS_NOT_FOUND
C:\Narasimha\KLETU Related\6th Semester Related\GenAI and NLP\GenAI\Course Project\Dataset\GTZAN\genres_original\blues\blues.00078.wav,blues,Peoria Lunch Box Blues,Songs: Ohia,LYRICS_NOT_FOUND
C:\Narasimha\KLETU Related\6th Semester Related\GenAI and NLP\GenAI\Course Project\Dataset\GTZAN\genres_original\blues\blues.00079.wav,blues,Peoria Lunch Box Blues,Songs: Ohia,LYRICS_NOT_FOUND
C:\Narasimha\KLETU Related\6th Semester Related\GenAI and NLP\GenAI\Course Project\Dataset\GTZAN\genres_original\blues\blues.00080.wav,blues,Peoria Lunch Box Blues,Songs: Ohia,LYRICS_NOT_FOUND
C:\Narasimha\KLETU Related\6th Semester Related\GenAI and NLP\GenAI\Course Project\Dataset\GTZAN\genres_original\blues\blues.00081.wav,blues,Peoria Lunch Box Blues,Songs: Ohia,LYRICS_NOT_FOUND
C:\Narasimha\KLETU Related\6th Semester Related\GenAI and NLP\GenAI\Course Project\Dataset\GTZAN\genres_original\blues\blues.00082.wav,blues,Peoria Lunch Box Blues,Songs: Ohia,LYRICS_NOT_FOUND
C:\Narasimha\KLETU Related\6th Semester Related\GenAI and NLP\GenAI\Course Project\Dataset\GTZAN\genres_original\blues\blues.00083.wav,blues,Peoria Lunch Box Blues,Songs: Ohia,LYRICS_NOT_FOUND
C:\Narasimha\KLETU Related\6th Semester Related\GenAI and NLP\GenAI\Course Project\Dataset\GTZAN\genres_original\blues\blues.00084.wav,blues,Peoria Lunch Box Blues,Songs: Ohia,LYRICS_NOT_FOUND
C:\Narasimha\KLETU Related\6th Semester Related\GenAI and NLP\GenAI\Course Project\Dataset\GTZAN\genres_original\blues\blues.00085.wav,blues,Peoria Lunch Box Blues,Songs: Ohia,LYRICS_NOT_FOUND
C:\Narasimha\KLETU Related\6th Semester Related\GenAI and NLP\GenAI\Course Project\Dataset\GTZAN\genres_original\blues\blues.00086.wav,blues,Peoria Lunch Box Blues,Songs: Ohia,LYRICS_NOT_FOUND
C:\Narasimha\KLETU Related\6th Semester Related\GenAI and NLP\GenAI\Course Project\Dataset\GTZAN\genres_original\blues\blues.00087.wav,blues,Peoria Lunch Box Blues,Songs: Ohia,LYRICS_NOT_FOUND
C:\Narasimha\KLETU Related\6th Semester Related\GenAI and NLP\GenAI\Course Project\Dataset\GTZAN\genres_original\blues\blues.00088.wav,blues,Peoria Lunch Box Blues,Songs: Ohia,LYRICS_NOT_FOUND
C:\Narasimha\KLETU Related\6th Semester Related\GenAI and NLP\GenAI\Course Project\Dataset\GTZAN\genres_original\blues\blues.00089.wav,blues,Peoria Lunch Box Blues,Songs: Ohia,LYRICS_NOT_FOUND
C:\Narasimha\KLETU Related\6th Semester Related\GenAI and NLP\GenAI\Course Project\Dataset\GTZAN\genres_original\blues\blues.00090.wav,blues,Peoria Lunch Box Blues,Songs: Ohia,LYRICS_NOT_FOUND
C:\Narasimha\KLETU Related\6th Semester Related\GenAI and NLP\GenAI\Course Project\Dataset\GTZAN\genres_original\blues\blues.00091.wav,blues,Peoria Lunch Box Blues,Songs: Ohia,LYRICS_NOT_FOUND
C:\Narasimha\KLETU Related\6th Semester Related\GenAI and NLP\GenAI\Course Project\Dataset\GTZAN\genres_original\blues\blues.00092.wav,blues,Peoria Lunch Box Blues,Songs: Ohia,LYRICS_NOT_FOUND
C:\Narasimha\KLETU Related\6th Semester Related\GenAI and NLP\GenAI\Course Project\Dataset\GTZAN\genres_original\blues\blues.00093.wav,blues,Peoria Lunch Box Blues,Songs: Ohia,LYRICS_NOT_FOUND
C:\Narasimha\KLETU Related\6th Semester Related\GenAI and NLP\GenAI\Course Project\Dataset\GTZAN\genres_original\blues\blues.00094.wav,blues,Peoria Lunch Box Blues,Songs: Ohia,LYRICS_NOT_FOUND
C:\Narasimha\KLETU Related\6th Semester Related\GenAI and NLP\GenAI\Course Project\Dataset\GTZAN\genres_original\blues\blues.00095.wav,blues,Peoria Lunch Box Blues,Songs: Ohia,LYRICS_NOT_FOUND
C:\Narasimha\KLETU Related\6th Semester Related\GenAI and NLP\GenAI\Course Project\Dataset\GTZAN\genres_original\blues\blues.00096.wav,blues,Peoria Lunch Box Blues,Songs: Ohia,LYRICS_NOT_FOUND
C:\Narasimha\KLETU Related\6th Semester Related\GenAI and NLP\GenAI\Course Project\Dataset\GTZAN\genres_original\blues\blues.00097.wav,blues,Peoria Lunch Box Blues,Songs: Ohia,LYRICS_NOT_FOUND
C:\Narasimha\KLETU Related\6th Semester Related\GenAI and NLP\GenAI\Course Project\Dataset\GTZAN\genres_original\blues\blues.00098.wav,blues,Peoria Lunch Box Blues,Songs: Ohia,LYRICS_NOT_FOUND
C:\Narasimha\KLETU Related\6th Semester Related\GenAI and NLP\GenAI\Course Project\Dataset\GTZAN\genres_original\blues\blues.00099.wav,blues,Peoria Lunch Box Blues,Songs: Ohia,LYRICS_NOT_FOUND
C:\Narasimha\KLETU Related\6th Semester Related\GenAI and NLP\GenAI\Course Project\Dataset\GTZAN\genres_original\classical\classical.00000.wav,classical,HAPPY ASS CLASSICAL SONG,​iwanthimdead,LYRICS_NOT_FOUND
C:\Narasimha\KLETU Related\6th Semester Related\GenAI and NLP\GenAI\Course Project\Dataset\GTZAN\genres_original\classical\classical.00001.wav,classical,HAPPY ASS CLASSICAL SONG,​iwanthimdead,LYRICS_NOT_FOUND
C:\Narasimha\KLETU Related\6th Semester Related\GenAI and NLP\GenAI\Course Project\Dataset\GTZAN\genres_original\classical\classical.00002.wav,classical,HAPPY ASS CLASSICAL SONG,​iwanthimdead,LYRICS_NOT_FOUND
C:\Narasimha\KLETU Related\6th Semester Related\GenAI and NLP\GenAI\Course Project\Dataset\GTZAN\genres_original\classical\classical.00003.wav,classical,HAPPY ASS CLASSICAL SONG,​iwanthimdead,LYRICS_NOT_FOUND
C:\Narasimha\KLETU Related\6th Semester Related\GenAI and NLP\GenAI\Course Project\Dataset\GTZAN\genres_original\classical\classical.00004.wav,classical,HAPPY ASS CLASSICAL SONG,​iwanthimdead,LYRICS_NOT_FOUND
C:\Narasimha\KLETU Related\6th Semester Related\GenAI and NLP\GenAI\Course Project\Dataset\GTZAN\genres_original\classical\classical.00005.wav,classical,HAPPY ASS CLASSICAL SONG,​iwanthimdead,LYRICS_NOT_FOUND
C:\Narasimha\KLETU Related\6th Semester Related\GenAI and NLP\GenAI\Course Project\Dataset\GTZAN\genres_original\classical\classical.00006.wav,classical,HAPPY ASS CLASSICAL SONG,​iwanthimdead,LYRICS_NOT_FOUND
C:\Narasimha\KLETU Related\6th Semester Related\GenAI and NLP\GenAI\Course Project\Dataset\GTZAN\genres_original\classical\classical.00007.wav,classical,HAPPY ASS CLASSICAL SONG,​iwanthimdead,LYRICS_NOT_FOUND
C:\Narasimha\KLETU Related\6th Semester Related\GenAI and NLP\GenAI\Course Project\Dataset\GTZAN\genres_original\classical\classical.00008.wav,classical,HAPPY ASS CLASSICAL SONG,​iwanthimdead,LYRICS_NOT_FOUND
C:\Narasimha\KLETU Related\6th Semester Related\GenAI and NLP\GenAI\Course Project\Dataset\GTZAN\genres_original\classical\classical.00009.wav,classical,HAPPY ASS CLASSICAL SONG,​iwanthimdead,LYRICS_NOT_FOUND
C:\Narasimha\KLETU Related\6th Semester Related\GenAI and NLP\GenAI\Course Project\Dataset\GTZAN\genres_original\classical\classical.00010.wav,classical,HAPPY ASS CLASSICAL SONG,​iwanthimdead,LYRICS_NOT_FOUND
C:\Narasimha\KLETU Related\6th Semester Related\GenAI and NLP\GenAI\Course Project\Dataset\GTZAN\genres_original\classical\classical.00011.wav,classical,HAPPY ASS CLASSICAL SONG,​iwanthimdead,LYRICS_NOT_FOUND
C:\Narasimha\KLETU Related\6th Semester Related\GenAI and NLP\GenAI\Course Project\Dataset\GTZAN\genres_original\classical\classical.00012.wav,classical,HAPPY ASS CLASSICAL SONG,​iwanthimdead,LYRICS_NOT_FOUND
C:\Narasimha\KLETU Related\6th Semester Related\GenAI and NLP\GenAI\Course Project\Dataset\GTZAN\genres_original\classical\classical.00013.wav,classical,HAPPY ASS CLASSICAL SONG,​iwanthimdead,LYRICS_NOT_FOUND
C:\Narasimha\KLETU Related\6th Semester Related\GenAI and NLP\GenAI\Course Project\Dataset\GTZAN\genres_original\classical\classical.00014.wav,classical,HAPPY ASS CLASSICAL SONG,​iwanthimdead,LYRICS_NOT_FOUND
C:\Narasimha\KLETU Related\6th Semester Related\GenAI and NLP\GenAI\Course Project\Dataset\GTZAN\genres_original\classical\classical.00015.wav,classical,HAPPY ASS CLASSICAL SONG,​iwanthimdead,LYRICS_NOT_FOUND
C:\Narasimha\KLETU Related\6th Semester Related\GenAI and NLP\GenAI\Course Project\Dataset\GTZAN\genres_original\classical\classical.00016.wav,classical,HAPPY ASS CLASSICAL SONG,​iwanthimdead,LYRICS_NOT_FOUND
C:\Narasimha\KLETU Related\6th Semester Related\GenAI and NLP\GenAI\Course Project\Dataset\GTZAN\genres_original\classical\classical.00017.wav,classical,HAPPY ASS CLASSICAL SONG,​iwanthimdead,LYRICS_NOT_FOUND
C:\Narasimha\KLETU Related\6th Semester Related\GenAI and NLP\GenAI\Course Project\Dataset\GTZAN\genres_original\classical\classical.00018.wav,classical,HAPPY ASS CLASSICAL SONG,​iwanthimdead,LYRICS_NOT_FOUND
C:\Narasimha\KLETU Related\6th Semester Related\GenAI and NLP\GenAI\Course Project\Dataset\GTZAN\genres_original\classical\classical.00019.wav,classical,HAPPY ASS CLASSICAL SONG,​iwanthimdead,LYRICS_NOT_FOUND
C:\Narasimha\KLETU Related\6th Semester Related\GenAI and NLP\GenAI\Course Project\Dataset\GTZAN\genres_original\classical\classical.00020.wav,classical,HAPPY ASS CLASSICAL SONG,​iwanthimdead,LYRICS_NOT_FOUND
C:\Narasimha\KLETU Related\6th Semester Related\GenAI and NLP\GenAI\Course Project\Dataset\GTZAN\genres_original\classical\classical.00021.wav,classical,HAPPY ASS CLASSICAL SONG,​iwanthimdead,LYRICS_NOT_FOUND
C:\Narasimha\KLETU Related\6th Semester Related\GenAI and NLP\GenAI\Course Project\Dataset\GTZAN\genres_original\classical\classical.00022.wav,classical,HAPPY ASS CLASSICAL SONG,​iwanthimdead,LYRICS_NOT_FOUND
C:\Narasimha\KLETU Related\6th Semester Related\GenAI and NLP\GenAI\Course Project\Dataset\GTZAN\genres_original\classical\classical.00023.wav,classical,HAPPY ASS CLASSICAL SONG,​iwanthimdead,LYRICS_NOT_FOUND
C:\Narasimha\KLETU Related\6th Semester Related\GenAI and NLP\GenAI\Course Project\Dataset\GTZAN\genres_original\classical\classical.00024.wav,classical,HAPPY ASS CLASSICAL SONG,​iwanthimdead,LYRICS_NOT_FOUND
C:\Narasimha\KLETU Related\6th Semester Related\GenAI and NLP\GenAI\Course Project\Dataset\GTZAN\genres_original\classical\classical.00025.wav,classical,HAPPY ASS CLASSICAL SONG,​iwanthimdead,LYRICS_NOT_FOUND
C:\Narasimha\KLETU Related\6th Semester Related\GenAI and NLP\GenAI\Course Project\Dataset\GTZAN\genres_original\classical\classical.00026.wav,classical,HAPPY ASS CLASSICAL SONG,​iwanthimdead,LYRICS_NOT_FOUND
C:\Narasimha\KLETU Related\6th Semester Related\GenAI and NLP\GenAI\Course Project\Dataset\GTZAN\genres_original\classical\classical.00027.wav,classical,HAPPY ASS CLASSICAL SONG,​iwanthimdead,LYRICS_NOT_FOUND
C:\Narasimha\KLETU Related\6th Semester Related\GenAI and NLP\GenAI\Course Project\Dataset\GTZAN\genres_original\classical\classical.00028.wav,classical,HAPPY ASS CLASSICAL SONG,​iwanthimdead,LYRICS_NOT_FOUND
C:\Narasimha\KLETU Related\6th Semester Related\GenAI and NLP\GenAI\Course Project\Dataset\GTZAN\genres_original\classical\classical.00029.wav,classical,HAPPY ASS CLASSICAL SONG,​iwanthimdead,LYRICS_NOT_FOUND
C:\Narasimha\KLETU Related\6th Semester Related\GenAI and NLP\GenAI\Course Project\Dataset\GTZAN\genres_original\classical\classical.00030.wav,classical,HAPPY ASS CLASSICAL SONG,​iwanthimdead,LYRICS_NOT_FOUND
C:\Narasimha\KLETU Related\6th Semester Related\GenAI and NLP\GenAI\Course Project\Dataset\GTZAN\genres_original\classical\classical.00031.wav,classical,HAPPY ASS CLASSICAL SONG,​iwanthimdead,LYRICS_NOT_FOUND
C:\Narasimha\KLETU Related\6th Semester Related\GenAI and NLP\GenAI\Course Project\Dataset\GTZAN\genres_original\classical\classical.00032.wav,classical,HAPPY ASS CLASSICAL SONG,​iwanthimdead,LYRICS_NOT_FOUND
C:\Narasimha\KLETU Related\6th Semester Related\GenAI and NLP\GenAI\Course Project\Dataset\GTZAN\genres_original\classical\classical.00033.wav,classical,HAPPY ASS CLASSICAL SONG,​iwanthimdead,LYRICS_NOT_FOUND
C:\Narasimha\KLETU Related\6th Semester Related\GenAI and NLP\GenAI\Course Project\Dataset\GTZAN\genres_original\classical\classical.00034.wav,classical,HAPPY ASS CLASSICAL SONG,​iwanthimdead,LYRICS_NOT_FOUND
C:\Narasimha\KLETU Related\6th Semester Related\GenAI and NLP\GenAI\Course Project\Dataset\GTZAN\genres_original\classical\classical.00035.wav,classical,HAPPY ASS CLASSICAL SONG,​iwanthimdead,LYRICS_NOT_FOUND
C:\Narasimha\KLETU Related\6th Semester Related\GenAI and NLP\GenAI\Course Project\Dataset\GTZAN\genres_original\classical\classical.00036.wav,classical,HAPPY ASS CLASSICAL SONG,​iwanthimdead,LYRICS_NOT_FOUND
C:\Narasimha\KLETU Related\6th Semester Related\GenAI and NLP\GenAI\Course Project\Dataset\GTZAN\genres_original\classical\classical.00037.wav,classical,HAPPY ASS CLASSICAL SONG,​iwanthimdead,LYRICS_NOT_FOUND
C:\Narasimha\KLETU Related\6th Semester Related\GenAI and NLP\GenAI\Course Project\Dataset\GTZAN\genres_original\classical\classical.00038.wav,classical,HAPPY ASS CLASSICAL SONG,​iwanthimdead,LYRICS_NOT_FOUND
C:\Narasimha\KLETU Related\6th Semester Related\GenAI and NLP\GenAI\Course Project\Dataset\GTZAN\genres_original\classical\classical.00039.wav,classical,HAPPY ASS CLASSICAL SONG,​iwanthimdead,LYRICS_NOT_FOUND
C:\Narasimha\KLETU Related\6th Semester Related\GenAI and NLP\GenAI\Course Project\Dataset\GTZAN\genres_original\classical\classical.00040.wav,classical,HAPPY ASS CLASSICAL SONG,​iwanthimdead,LYRICS_NOT_FOUND
C:\Narasimha\KLETU Related\6th Semester Related\GenAI and NLP\GenAI\Course Project\Dataset\GTZAN\genres_original\classical\classical.00041.wav,classical,HAPPY ASS CLASSICAL SONG,​iwanthimdead,LYRICS_NOT_FOUND
C:\Narasimha\KLETU Related\6th Semester Related\GenAI and NLP\GenAI\Course Project\Dataset\GTZAN\genres_original\classical\classical.00042.wav,classical,HAPPY ASS CLASSICAL SONG,​iwanthimdead,LYRICS_NOT_FOUND
C:\Narasimha\KLETU Related\6th Semester Related\GenAI and NLP\GenAI\Course Project\Dataset\GTZAN\genres_original\classical\classical.00043.wav,classical,HAPPY ASS CLASSICAL SONG,​iwanthimdead,LYRICS_NOT_FOUND
C:\Narasimha\KLETU Related\6th Semester Related\GenAI and NLP\GenAI\Course Project\Dataset\GTZAN\genres_original\classical\classical.00044.wav,classical,HAPPY ASS CLASSICAL SONG,​iwanthimdead,LYRICS_NOT_FOUND
C:\Narasimha\KLETU Related\6th Semester Related\GenAI and NLP\GenAI\Course Project\Dataset\GTZAN\genres_original\classical\classical.00045.wav,classical,HAPPY ASS CLASSICAL SONG,​iwanthimdead,LYRICS_NOT_FOUND
C:\Narasimha\KLETU Related\6th Semester Related\GenAI and NLP\GenAI\Course Project\Dataset\GTZAN\genres_original\classical\classical.00046.wav,classical,HAPPY ASS CLASSICAL SONG,​iwanthimdead,LYRICS_NOT_FOUND
C:\Narasimha\KLETU Related\6th Semester Related\GenAI and NLP\GenAI\Course Project\Dataset\GTZAN\genres_original\classical\classical.00047.wav,classical,HAPPY ASS CLASSICAL SONG,​iwanthimdead,LYRICS_NOT_FOUND
C:\Narasimha\KLETU Related\6th Semester Related\GenAI and NLP\GenAI\Course Project\Dataset\GTZAN\genres_original\classical\classical.00048.wav,classical,HAPPY ASS CLASSICAL SONG,​iwanthimdead,LYRICS_NOT_FOUND
C:\Narasimha\KLETU Related\6th Semester Related\GenAI and NLP\GenAI\Course Project\Dataset\GTZAN\genres_original\classical\classical.00049.wav,classical,HAPPY ASS CLASSICAL SONG,​iwanthimdead,LYRICS_NOT_FOUND
C:\Narasimha\KLETU Related\6th Semester Related\GenAI and NLP\GenAI\Course Project\Dataset\GTZAN\genres_original\classical\classical.00050.wav,classical,HAPPY ASS CLASSICAL SONG,​iwanthimdead,LYRICS_NOT_FOUND
C:\Narasimha\KLETU Related\6th Semester Related\GenAI and NLP\GenAI\Course Project\Dataset\GTZAN\genres_original\classical\classical.00051.wav,classical,HAPPY ASS CLASSICAL SONG,​iwanthimdead,LYRICS_NOT_FOUND
C:\Narasimha\KLETU Related\6th Semester Related\GenAI and NLP\GenAI\Course Project\Dataset\GTZAN\genres_original\classical\classical.00052.wav,classical,HAPPY ASS CLASSICAL SONG,​iwanthimdead,LYRICS_NOT_FOUND
C:\Narasimha\KLETU Related\6th Semester Related\GenAI and NLP\GenAI\Course Project\Dataset\GTZAN\genres_original\classical\classical.00053.wav,classical,HAPPY ASS CLASSICAL SONG,​iwanthimdead,LYRICS_NOT_FOUND
C:\Narasimha\KLETU Related\6th Semester Related\GenAI and NLP\GenAI\Course Project\Dataset\GTZAN\genres_original\classical\classical.00054.wav,classical,HAPPY ASS CLASSICAL SONG,​iwanthimdead,LYRICS_NOT_FOUND
C:\Narasimha\KLETU Related\6th Semester Related\GenAI and NLP\GenAI\Course Project\Dataset\GTZAN\genres_original\classical\classical.00055.wav,classical,HAPPY ASS CLASSICAL SONG,​iwanthimdead,LYRICS_NOT_FOUND
C:\Narasimha\KLETU Related\6th Semester Related\GenAI and NLP\GenAI\Course Project\Dataset\GTZAN\genres_original\classical\classical.00056.wav,classical,HAPPY ASS CLASSICAL SONG,​iwanthimdead,LYRICS_NOT_FOUND
C:\Narasimha\KLETU Related\6th Semester Related\GenAI and NLP\GenAI\Course Project\Dataset\GTZAN\genres_original\classical\classical.00057.wav,classical,HAPPY ASS CLASSICAL SONG,​iwanthimdead,LYRICS_NOT_FOUND
C:\Narasimha\KLETU Related\6th Semester Related\GenAI and NLP\GenAI\Course Project\Dataset\GTZAN\genres_original\classical\classical.00058.wav,classical,HAPPY ASS CLASSICAL SONG,​iwanthimdead,LYRICS_NOT_FOUND
C:\Narasimha\KLETU Related\6th Semester Related\GenAI and NLP\GenAI\Course Project\Dataset\GTZAN\genres_original\classical\classical.00059.wav,classical,HAPPY ASS CLASSICAL SONG,​iwanthimdead,LYRICS_NOT_FOUND
C:\Narasimha\KLETU Related\6th Semester Related\GenAI and NLP\GenAI\Course Project\Dataset\GTZAN\genres_original\classical\classical.00060.wav,classical,HAPPY ASS CLASSICAL SONG,​iwanthimdead,LYRICS_NOT_FOUND
C:\Narasimha\KLETU Related\6th Semester Related\GenAI and NLP\GenAI\Course Project\Dataset\GTZAN\genres_original\classical\classical.00061.wav,classical,HAPPY ASS CLASSICAL SONG,​iwanthimdead,LYRICS_NOT_FOUND
C:\Narasimha\KLETU Related\6th Semester Related\GenAI and NLP\GenAI\Course Project\Dataset\GTZAN\genres_original\classical\classical.00062.wav,classical,HAPPY ASS CLASSICAL SONG,​iwanthimdead,LYRICS_NOT_FOUND
C:\Narasimha\KLETU Related\6th Semester Related\GenAI and NLP\GenAI\Course Project\Dataset\GTZAN\genres_original\classical\classical.00063.wav,classical,HAPPY ASS CLASSICAL SONG,​iwanthimdead,LYRICS_NOT_FOUND
C:\Narasimha\KLETU Related\6th Semester Related\GenAI and NLP\GenAI\Course Project\Dataset\GTZAN\genres_original\classical\classical.00064.wav,classical,HAPPY ASS CLASSICAL SONG,​iwanthimdead,LYRICS_NOT_FOUND
C:\Narasimha\KLETU Related\6th Semester Related\GenAI and NLP\GenAI\Course Project\Dataset\GTZAN\genres_original\classical\classical.00065.wav,classical,HAPPY ASS CLASSICAL SONG,​iwanthimdead,LYRICS_NOT_FOUND
C:\Narasimha\KLETU Related\6th Semester Related\GenAI and NLP\GenAI\Course Project\Dataset\GTZAN\genres_original\classical\classical.00066.wav,classical,HAPPY ASS CLASSICAL SONG,​iwanthimdead,LYRICS_NOT_FOUND
C:\Narasimha\KLETU Related\6th Semester Related\GenAI and NLP\GenAI\Course Project\Dataset\GTZAN\genres_original\classical\classical.00067.wav,classical,HAPPY ASS CLASSICAL SONG,​iwanthimdead,LYRICS_NOT_FOUND
C:\Narasimha\KLETU Related\6th Semester Related\GenAI and NLP\GenAI\Course Project\Dataset\GTZAN\genres_original\classical\classical.00068.wav,classical,HAPPY ASS CLASSICAL SONG,​iwanthimdead,LYRICS_NOT_FOUND
C:\Narasimha\KLETU Related\6th Semester Related\GenAI and NLP\GenAI\Course Project\Dataset\GTZAN\genres_original\classical\classical.00069.wav,classical,HAPPY ASS CLASSICAL SONG,​iwanthimdead,LYRICS_NOT_FOUND
C:\Narasimha\KLETU Related\6th Semester Related\GenAI and NLP\GenAI\Course Project\Dataset\GTZAN\genres_original\classical\classical.00070.wav,classical,HAPPY ASS CLASSICAL SONG,​iwanthimdead,LYRICS_NOT_FOUND
C:\Narasimha\KLETU Related\6th Semester Related\GenAI and NLP\GenAI\Course Project\Dataset\GTZAN\genres_original\classical\classical.00071.wav,classical,HAPPY ASS CLASSICAL SONG,​iwanthimdead,LYRICS_NOT_FOUND
C:\Narasimha\KLETU Related\6th Semester Related\GenAI and NLP\GenAI\Course Project\Dataset\GTZAN\genres_original\classical\classical.00072.wav,classical,HAPPY ASS CLASSICAL SONG,​iwanthimdead,LYRICS_NOT_FOUND
C:\Narasimha\KLETU Related\6th Semester Related\GenAI and NLP\GenAI\Course Project\Dataset\GTZAN\genres_original\classical\classical.00073.wav,classical,HAPPY ASS CLASSICAL SONG,​iwanthimdead,LYRICS_NOT_FOUND
C:\Narasimha\KLETU Related\6th Semester Related\GenAI and NLP\GenAI\Course Project\Dataset\GTZAN\genres_original\classical\classical.00074.wav,classical,HAPPY ASS CLASSICAL SONG,​iwanthimdead,LYRICS_NOT_FOUND
C:\Narasimha\KLETU Related\6th Semester Related\GenAI and NLP\GenAI\Course Project\Dataset\GTZAN\genres_original\classical\classical.00075.wav,classical,HAPPY ASS CLASSICAL SONG,​iwanthimdead,LYRICS_NOT_FOUND
C:\Narasimha\KLETU Related\6th Semester Related\GenAI and NLP\GenAI\Course Project\Dataset\GTZAN\genres_original\classical\classical.00076.wav,classical,HAPPY ASS CLASSICAL SONG,​iwanthimdead,LYRICS_NOT_FOUND
C:\Narasimha\KLETU Related\6th Semester Related\GenAI and NLP\GenAI\Course Project\Dataset\GTZAN\genres_original\classical\classical.00077.wav,classical,HAPPY ASS CLASSICAL SONG,​iwanthimdead,LYRICS_NOT_FOUND
C:\Narasimha\KLETU Related\6th Semester Related\GenAI and NLP\GenAI\Course Project\Dataset\GTZAN\genres_original\classical\classical.00078.wav,classical,HAPPY ASS CLASSICAL SONG,​iwanthimdead,LYRICS_NOT_FOUND
C:\Narasimha\KLETU Related\6th Semester Related\GenAI and NLP\GenAI\Course Project\Dataset\GTZAN\genres_original\classical\classical.00079.wav,classical,HAPPY ASS CLASSICAL SONG,​iwanthimdead,LYRICS_NOT_FOUND
C:\Narasimha\KLETU Related\6th Semester Related\GenAI and NLP\GenAI\Course Project\Dataset\GTZAN\genres_original\classical\classical.00080.wav,classical,HAPPY ASS CLASSICAL SONG,​iwanthimdead,LYRICS_NOT_FOUND
C:\Narasimha\KLETU Related\6th Semester Related\GenAI and NLP\GenAI\Course Project\Dataset\GTZAN\genres_original\classical\classical.00081.wav,classical,HAPPY ASS CLASSICAL SONG,​iwanthimdead,LYRICS_NOT_FOUND
C:\Narasimha\KLETU Related\6th Semester Related\GenAI and NLP\GenAI\Course Project\Dataset\GTZAN\genres_original\classical\classical.00082.wav,classical,HAPPY ASS CLASSICAL SONG,​iwanthimdead,LYRICS_NOT_FOUND
C:\Narasimha\KLETU Related\6th Semester Related\GenAI and NLP\GenAI\Course Project\Dataset\GTZAN\genres_original\classical\classical.00083.wav,classical,HAPPY ASS CLASSICAL SONG,​iwanthimdead,LYRICS_NOT_FOUND
C:\Narasimha\KLETU Related\6th Semester Related\GenAI and NLP\GenAI\Course Project\Dataset\GTZAN\genres_original\classical\classical.00084.wav,classical,HAPPY ASS CLASSICAL SONG,​iwanthimdead,LYRICS_NOT_FOUND
C:\Narasimha\KLETU Related\6th Semester Related\GenAI and NLP\GenAI\Course Project\Dataset\GTZAN\genres_original\classical\classical.00085.wav,classical,HAPPY ASS CLASSICAL SONG,​iwanthimdead,LYRICS_NOT_FOUND
C:\Narasimha\KLETU Related\6th Semester Related\GenAI and NLP\GenAI\Course Project\Dataset\GTZAN\genres_original\classical\classical.00086.wav,classical,HAPPY ASS CLASSICAL SONG,​iwanthimdead,LYRICS_NOT_FOUND
C:\Narasimha\KLETU Related\6th Semester Related\GenAI and NLP\GenAI\Course Project\Dataset\GTZAN\genres_original\classical\classical.00087.wav,classical,HAPPY ASS CLASSICAL SONG,​iwanthimdead,LYRICS_NOT_FOUND
C:\Narasimha\KLETU Related\6th Semester Related\GenAI and NLP\GenAI\Course Project\Dataset\GTZAN\genres_original\classical\classical.00088.wav,classical,HAPPY ASS CLASSICAL SONG,​iwanthimdead,LYRICS_NOT_FOUND
C:\Narasimha\KLETU Related\6th Semester Related\GenAI and NLP\GenAI\Course Project\Dataset\GTZAN\genres_original\classical\classical.00089.wav,classical,HAPPY ASS CLASSICAL SONG,​iwanthimdead,LYRICS_NOT_FOUND
C:\Narasimha\KLETU Related\6th Semester Related\GenAI and NLP\GenAI\Course Project\Dataset\GTZAN\genres_original\classical\classical.00090.wav,classical,HAPPY ASS CLASSICAL SONG,​iwanthimdead,LYRICS_NOT_FOUND
C:\Narasimha\KLETU Related\6th Semester Related\GenAI and NLP\GenAI\Course Project\Dataset\GTZAN\genres_original\classical\classical.00091.wav,classical,HAPPY ASS CLASSICAL SONG,​iwanthimdead,LYRICS_NOT_FOUND
C:\Narasimha\KLETU Related\6th Semester Related\GenAI and NLP\GenAI\Course Project\Dataset\GTZAN\genres_original\classical\classical.00092.wav,classical,HAPPY ASS CLASSICAL SONG,​iwanthimdead,LYRICS_NOT_FOUND
C:\Narasimha\KLETU Related\6th Semester Related\GenAI and NLP\GenAI\Course Project\Dataset\GTZAN\genres_original\classical\classical.00093.wav,classical,HAPPY ASS CLASSICAL SONG,​iwanthimdead,LYRICS_NOT_FOUND
C:\Narasimha\KLETU Related\6th Semester Related\GenAI and NLP\GenAI\Course Project\Dataset\GTZAN\genres_original\classical\classical.00094.wav,classical,HAPPY ASS CLASSICAL SONG,​iwanthimdead,LYRICS_NOT_FOUND
C:\Narasimha\KLETU Related\6th Semester Related\GenAI and NLP\GenAI\Course Project\Dataset\GTZAN\genres_original\classical\classical.00095.wav,classical,HAPPY ASS CLASSICAL SONG,​iwanthimdead,LYRICS_NOT_FOUND
C:\Narasimha\KLETU Related\6th Semester Related\GenAI and NLP\GenAI\Course Project\Dataset\GTZAN\genres_original\classical\classical.00096.wav,classical,HAPPY ASS CLASSICAL SONG,​iwanthimdead,LYRICS_NOT_FOUND
C:\Narasimha\KLETU Related\6th Semester Related\GenAI and NLP\GenAI\Course Project\Dataset\GTZAN\genres_original\classical\classical.00097.wav,classical,HAPPY ASS CLASSICAL SONG,​iwanthimdead,LYRICS_NOT_FOUND
C:\Narasimha\KLETU Related\6th Semester Related\GenAI and NLP\GenAI\Course Project\Dataset\GTZAN\genres_original\classical\classical.00098.wav,classical,HAPPY ASS CLASSICAL SONG,​iwanthimdead,LYRICS_NOT_FOUND
C:\Narasimha\KLETU Related\6th Semester Related\GenAI and NLP\GenAI\Course Project\Dataset\GTZAN\genres_original\classical\classical.00099.wav,classical,HAPPY ASS CLASSICAL SONG,​iwanthimdead,LYRICS_NOT_FOUND
C:\Narasimha\KLETU Related\6th Semester Related\GenAI and NLP\GenAI\Course Project\Dataset\GTZAN\genres_original\country\country.00000.wav,country,Country Song,Bo Burnham,LYRICS_NOT_FOUND
C:\Narasimha\KLETU Related\6th Semester Related\GenAI and NLP\GenAI\Course Project\Dataset\GTZAN\genres_original\country\country.00001.wav,country,Country Song,Bo Burnham,LYRICS_NOT_FOUND
C:\Narasimha\KLETU Related\6th Semester Related\GenAI and NLP\GenAI\Course Project\Dataset\GTZAN\genres_original\country\country.00002.wav,country,Country Song,Bo Burnham,LYRICS_NOT_FOUND
C:\Narasimha\KLETU Related\6th Semester Related\GenAI and NLP\GenAI\Course Project\Dataset\GTZAN\genres_original\country\country.00003.wav,country,Country Song,Bo Burnham,LYRICS_NOT_FOUND
C:\Narasimha\KLETU Related\6th Semester Related\GenAI and NLP\GenAI\Course Project\Dataset\GTZAN\genres_original\country\country.00004.wav,country,Country Song,Bo Burnham,LYRICS_NOT_FOUND
C:\Narasimha\KLETU Related\6th Semester Related\GenAI and NLP\GenAI\Course Project\Dataset\GTZAN\genres_original\country\country.00005.wav,country,Country Song,Bo Burnham,LYRICS_NOT_FOUND
C:\Narasimha\KLETU Related\6th Semester Related\GenAI and NLP\GenAI\Course Project\Dataset\GTZAN\genres_original\country\country.00006.wav,country,Country Song,Bo Burnham,LYRICS_NOT_FOUND
C:\Narasimha\KLETU Related\6th Semester Related\GenAI and NLP\GenAI\Course Project\Dataset\GTZAN\genres_original\country\country.00007.wav,country,Country Song,Bo Burnham,LYRICS_NOT_FOUND
C:\Narasimha\KLETU Related\6th Semester Related\GenAI and NLP\GenAI\Course Project\Dataset\GTZAN\genres_original\country\country.00008.wav,country,Country Song,Bo Burnham,LYRICS_NOT_FOUND
C:\Narasimha\KLETU Related\6th Semester Related\GenAI and NLP\GenAI\Course Project\Dataset\GTZAN\genres_original\country\country.00009.wav,country,Country Song,Bo Burnham,LYRICS_NOT_FOUND
C:\Narasimha\KLETU Related\6th Semester Related\GenAI and NLP\GenAI\Course Project\Dataset\GTZAN\genres_original\country\country.00010.wav,country,Country Song,Bo Burnham,LYRICS_NOT_FOUND
C:\Narasimha\KLETU Related\6th Semester Related\GenAI and NLP\GenAI\Course Project\Dataset\GTZAN\genres_original\country\country.00011.wav,country,Country Song,Bo Burnham,LYRICS_NOT_FOUND
C:\Narasimha\KLETU Related\6th Semester Related\GenAI and NLP\GenAI\Course Project\Dataset\GTZAN\genres_original\country\country.00012.wav,country,Country Song,Bo Burnham,LYRICS_NOT_FOUND
C:\Narasimha\KLETU Related\6th Semester Related\GenAI and NLP\GenAI\Course Project\Dataset\GTZAN\genres_original\country\country.00013.wav,country,Country Song,Bo Burnham,LYRICS_NOT_FOUND
C:\Narasimha\KLETU Related\6th Semester Related\GenAI and NLP\GenAI\Course Project\Dataset\GTZAN\genres_original\country\country.00014.wav,country,Country Song,Bo Burnham,LYRICS_NOT_FOUND
C:\Narasimha\KLETU Related\6th Semester Related\GenAI and NLP\GenAI\Course Project\Dataset\GTZAN\genres_original\country\country.00015.wav,country,Country Song,Bo Burnham,LYRICS_NOT_FOUND
C:\Narasimha\KLETU Related\6th Semester Related\GenAI and NLP\GenAI\Course Project\Dataset\GTZAN\genres_original\country\country.00016.wav,country,Country Song,Bo Burnham,LYRICS_NOT_FOUND
C:\Narasimha\KLETU Related\6th Semester Related\GenAI and NLP\GenAI\Course Project\Dataset\GTZAN\genres_original\country\country.00017.wav,country,Country Song,Bo Burnham,LYRICS_NOT_FOUND
C:\Narasimha\KLETU Related\6th Semester Related\GenAI and NLP\GenAI\Course Project\Dataset\GTZAN\genres_original\country\country.00018.wav,country,Country Song,Bo Burnham,LYRICS_NOT_FOUND
C:\Narasimha\KLETU Related\6th Semester Related\GenAI and NLP\GenAI\Course Project\Dataset\GTZAN\genres_original\country\country.00019.wav,country,Country Song,Bo Burnham,LYRICS_NOT_FOUND
C:\Narasimha\KLETU Related\6th Semester Related\GenAI and NLP\GenAI\Course Project\Dataset\GTZAN\genres_original\country\country.00020.wav,country,Country Song,Bo Burnham,LYRICS_NOT_FOUND
C:\Narasimha\KLETU Related\6th Semester Related\GenAI and NLP\GenAI\Course Project\Dataset\GTZAN\genres_original\country\country.00021.wav,country,Country Song,Bo Burnham,LYRICS_NOT_FOUND
C:\Narasimha\KLETU Related\6th Semester Related\GenAI and NLP\GenAI\Course Project\Dataset\GTZAN\genres_original\country\country.00022.wav,country,Country Song,Bo Burnham,LYRICS_NOT_FOUND
C:\Narasimha\KLETU Related\6th Semester Related\GenAI and NLP\GenAI\Course Project\Dataset\GTZAN\genres_original\country\country.00023.wav,country,Country Song,Bo Burnham,LYRICS_NOT_FOUND
C:\Narasimha\KLETU Related\6th Semester Related\GenAI and NLP\GenAI\Course Project\Dataset\GTZAN\genres_original\country\country.00024.wav,country,Country Song,Bo Burnham,LYRICS_NOT_FOUND
C:\Narasimha\KLETU Related\6th Semester Related\GenAI and NLP\GenAI\Course Project\Dataset\GTZAN\genres_original\country\country.00025.wav,country,Country Song,Bo Burnham,LYRICS_NOT_FOUND
C:\Narasimha\KLETU Related\6th Semester Related\GenAI and NLP\GenAI\Course Project\Dataset\GTZAN\genres_original\country\country.00026.wav,country,Country Song,Bo Burnham,LYRICS_NOT_FOUND
C:\Narasimha\KLETU Related\6th Semester Related\GenAI and NLP\GenAI\Course Project\Dataset\GTZAN\genres_original\country\country.00027.wav,country,Country Song,Bo Burnham,LYRICS_NOT_FOUND
C:\Narasimha\KLETU Related\6th Semester Related\GenAI and NLP\GenAI\Course Project\Dataset\GTZAN\genres_original\country\country.00028.wav,country,Country Song,Bo Burnham,LYRICS_NOT_FOUND
C:\Narasimha\KLETU Related\6th Semester Related\GenAI and NLP\GenAI\Course Project\Dataset\GTZAN\genres_original\country\country.00029.wav,country,Country Song,Bo Burnham,LYRICS_NOT_FOUND
C:\Narasimha\KLETU Related\6th Semester Related\GenAI and NLP\GenAI\Course Project\Dataset\GTZAN\genres_original\country\country.00030.wav,country,Country Song,Bo Burnham,LYRICS_NOT_FOUND
C:\Narasimha\KLETU Related\6th Semester Related\GenAI and NLP\GenAI\Course Project\Dataset\GTZAN\genres_original\country\country.00031.wav,country,Country Song,Bo Burnham,LYRICS_NOT_FOUND
C:\Narasimha\KLETU Related\6th Semester Related\GenAI and NLP\GenAI\Course Project\Dataset\GTZAN\genres_original\country\country.00032.wav,country,Country Song,Bo Burnham,LYRICS_NOT_FOUND
C:\Narasimha\KLETU Related\6th Semester Related\GenAI and NLP\GenAI\Course Project\Dataset\GTZAN\genres_original\country\country.00033.wav,country,Country Song,Bo Burnham,LYRICS_NOT_FOUND
C:\Narasimha\KLETU Related\6th Semester Related\GenAI and NLP\GenAI\Course Project\Dataset\GTZAN\genres_original\country\country.00034.wav,country,Country Song,Bo Burnham,LYRICS_NOT_FOUND
C:\Narasimha\KLETU Related\6th Semester Related\GenAI and NLP\GenAI\Course Project\Dataset\GTZAN\genres_original\country\country.00035.wav,country,Country Song,Bo Burnham,LYRICS_NOT_FOUND
C:\Narasimha\KLETU Related\6th Semester Related\GenAI and NLP\GenAI\Course Project\Dataset\GTZAN\genres_original\country\country.00036.wav,country,Country Song,Bo Burnham,LYRICS_NOT_FOUND
C:\Narasimha\KLETU Related\6th Semester Related\GenAI and NLP\GenAI\Course Project\Dataset\GTZAN\genres_original\country\country.00037.wav,country,Country Song,Bo Burnham,LYRICS_NOT_FOUND
C:\Narasimha\KLETU Related\6th Semester Related\GenAI and NLP\GenAI\Course Project\Dataset\GTZAN\genres_original\country\country.00038.wav,country,Country Song,Bo Burnham,LYRICS_NOT_FOUND
C:\Narasimha\KLETU Related\6th Semester Related\GenAI and NLP\GenAI\Course Project\Dataset\GTZAN\genres_original\country\country.00039.wav,country,Country Song,Bo Burnham,LYRICS_NOT_FOUND
C:\Narasimha\KLETU Related\6th Semester Related\GenAI and NLP\GenAI\Course Project\Dataset\GTZAN\genres_original\country\country.00040.wav,country,Country Song,Bo Burnham,LYRICS_NOT_FOUND
C:\Narasimha\KLETU Related\6th Semester Related\GenAI and NLP\GenAI\Course Project\Dataset\GTZAN\genres_original\country\country.00041.wav,country,Country Song,Bo Burnham,LYRICS_NOT_FOUND
C:\Narasimha\KLETU Related\6th Semester Related\GenAI and NLP\GenAI\Course Project\Dataset\GTZAN\genres_original\country\country.00042.wav,country,Country Song,Bo Burnham,LYRICS_NOT_FOUND
C:\Narasimha\KLETU Related\6th Semester Related\GenAI and NLP\GenAI\Course Project\Dataset\GTZAN\genres_original\country\country.00043.wav,country,Country Song,Bo Burnham,LYRICS_NOT_FOUND
C:\Narasimha\KLETU Related\6th Semester Related\GenAI and NLP\GenAI\Course Project\Dataset\GTZAN\genres_original\country\country.00044.wav,country,Country Song,Bo Burnham,LYRICS_NOT_FOUND
C:\Narasimha\KLETU Related\6th Semester Related\GenAI and NLP\GenAI\Course Project\Dataset\GTZAN\genres_original\country\country.00045.wav,country,Country Song,Bo Burnham,LYRICS_NOT_FOUND
C:\Narasimha\KLETU Related\6th Semester Related\GenAI and NLP\GenAI\Course Project\Dataset\GTZAN\genres_original\country\country.00046.wav,country,Country Song,Bo Burnham,LYRICS_NOT_FOUND
C:\Narasimha\KLETU Related\6th Semester Related\GenAI and NLP\GenAI\Course Project\Dataset\GTZAN\genres_original\country\country.00047.wav,country,Country Song,Bo Burnham,LYRICS_NOT_FOUND
C:\Narasimha\KLETU Related\6th Semester Related\GenAI and NLP\GenAI\Course Project\Dataset\GTZAN\genres_original\country\country.00048.wav,country,Country Song,Bo Burnham,LYRICS_NOT_FOUND
C:\Narasimha\KLETU Related\6th Semester Related\GenAI and NLP\GenAI\Course Project\Dataset\GTZAN\genres_original\country\country.00049.wav,country,Country Song,Bo Burnham,LYRICS_NOT_FOUND
C:\Narasimha\KLETU Related\6th Semester Related\GenAI and NLP\GenAI\Course Project\Dataset\GTZAN\genres_original\country\country.00050.wav,country,Country Song,Bo Burnham,LYRICS_NOT_FOUND
C:\Narasimha\KLETU Related\6th Semester Related\GenAI and NLP\GenAI\Course Project\Dataset\GTZAN\genres_original\country\country.00051.wav,country,Country Song,Bo Burnham,LYRICS_NOT_FOUND
C:\Narasimha\KLETU Related\6th Semester Related\GenAI and NLP\GenAI\Course Project\Dataset\GTZAN\genres_original\country\country.00052.wav,country,Country Song,Bo Burnham,LYRICS_NOT_FOUND
C:\Narasimha\KLETU Related\6th Semester Related\GenAI and NLP\GenAI\Course Project\Dataset\GTZAN\genres_original\country\country.00053.wav,country,Country Song,Bo Burnham,LYRICS_NOT_FOUND
C:\Narasimha\KLETU Related\6th Semester Related\GenAI and NLP\GenAI\Course Project\Dataset\GTZAN\genres_original\country\country.00054.wav,country,Country Song,Bo Burnham,LYRICS_NOT_FOUND
C:\Narasimha\KLETU Related\6th Semester Related\GenAI and NLP\GenAI\Course Project\Dataset\GTZAN\genres_original\country\country.00055.wav,country,Country Song,Bo Burnham,LYRICS_NOT_FOUND
C:\Narasimha\KLETU Related\6th Semester Related\GenAI and NLP\GenAI\Course Project\Dataset\GTZAN\genres_original\country\country.00056.wav,country,Country Song,Bo Burnham,LYRICS_NOT_FOUND
C:\Narasimha\KLETU Related\6th Semester Related\GenAI and NLP\GenAI\Course Project\Dataset\GTZAN\genres_original\country\country.00057.wav,country,Country Song,Bo Burnham,LYRICS_NOT_FOUND
C:\Narasimha\KLETU Related\6th Semester Related\GenAI and NLP\GenAI\Course Project\Dataset\GTZAN\genres_original\country\country.00058.wav,country,Country Song,Bo Burnham,LYRICS_NOT_FOUND
C:\Narasimha\KLETU Related\6th Semester Related\GenAI and NLP\GenAI\Course Project\Dataset\GTZAN\genres_original\country\country.00059.wav,country,Country Song,Bo Burnham,LYRICS_NOT_FOUND
C:\Narasimha\KLETU Related\6th Semester Related\GenAI and NLP\GenAI\Course Project\Dataset\GTZAN\genres_original\country\country.00060.wav,country,Country Song,Bo Burnham,LYRICS_NOT_FOUND
C:\Narasimha\KLETU Related\6th Semester Related\GenAI and NLP\GenAI\Course Project\Dataset\GTZAN\genres_original\country\country.00061.wav,country,Country Song,Bo Burnham,LYRICS_NOT_FOUND
C:\Narasimha\KLETU Related\6th Semester Related\GenAI and NLP\GenAI\Course Project\Dataset\GTZAN\genres_original\country\country.00062.wav,country,Country Song,Bo Burnham,LYRICS_NOT_FOUND
C:\Narasimha\KLETU Related\6th Semester Related\GenAI and NLP\GenAI\Course Project\Dataset\GTZAN\genres_original\country\country.00063.wav,country,Country Song,Bo Burnham,LYRICS_NOT_FOUND
C:\Narasimha\KLETU Related\6th Semester Related\GenAI and NLP\GenAI\Course Project\Dataset\GTZAN\genres_original\country\country.00064.wav,country,Country Song,Bo Burnham,LYRICS_NOT_FOUND
C:\Narasimha\KLETU Related\6th Semester Related\GenAI and NLP\GenAI\Course Project\Dataset\GTZAN\genres_original\country\country.00065.wav,country,Country Song,Bo Burnham,LYRICS_NOT_FOUND
C:\Narasimha\KLETU Related\6th Semester Related\GenAI and NLP\GenAI\Course Project\Dataset\GTZAN\genres_original\country\country.00066.wav,country,Country Song,Bo Burnham,LYRICS_NOT_FOUND
C:\Narasimha\KLETU Related\6th Semester Related\GenAI and NLP\GenAI\Course Project\Dataset\GTZAN\genres_original\country\country.00067.wav,country,Country Song,Bo Burnham,LYRICS_NOT_FOUND
C:\Narasimha\KLETU Related\6th Semester Related\GenAI and NLP\GenAI\Course Project\Dataset\GTZAN\genres_original\country\country.00068.wav,country,Country Song,Bo Burnham,LYRICS_NOT_FOUND
C:\Narasimha\KLETU Related\6th Semester Related\GenAI and NLP\GenAI\Course Project\Dataset\GTZAN\genres_original\country\country.00069.wav,country,Country Song,Bo Burnham,LYRICS_NOT_FOUND
C:\Narasimha\KLETU Related\6th Semester Related\GenAI and NLP\GenAI\Course Project\Dataset\GTZAN\genres_original\country\country.00070.wav,country,Country Song,Bo Burnham,LYRICS_NOT_FOUND
C:\Narasimha\KLETU Related\6th Semester Related\GenAI and NLP\GenAI\Course Project\Dataset\GTZAN\genres_original\country\country.00071.wav,country,Country Song,Bo Burnham,LYRICS_NOT_FOUND
C:\Narasimha\KLETU Related\6th Semester Related\GenAI and NLP\GenAI\Course Project\Dataset\GTZAN\genres_original\country\country.00072.wav,country,Country Song,Bo Burnham,LYRICS_NOT_FOUND
C:\Narasimha\KLETU Related\6th Semester Related\GenAI and NLP\GenAI\Course Project\Dataset\GTZAN\genres_original\country\country.00073.wav,country,Country Song,Bo Burnham,LYRICS_NOT_FOUND
C:\Narasimha\KLETU Related\6th Semester Related\GenAI and NLP\GenAI\Course Project\Dataset\GTZAN\genres_original\country\country.00074.wav,country,Country Song,Bo Burnham,LYRICS_NOT_FOUND
C:\Narasimha\KLETU Related\6th Semester Related\GenAI and NLP\GenAI\Course Project\Dataset\GTZAN\genres_original\country\country.00075.wav,country,Country Song,Bo Burnham,LYRICS_NOT_FOUND
C:\Narasimha\KLETU Related\6th Semester Related\GenAI and NLP\GenAI\Course Project\Dataset\GTZAN\genres_original\country\country.00076.wav,country,Country Song,Bo Burnham,LYRICS_NOT_FOUND
C:\Narasimha\KLETU Related\6th Semester Related\GenAI and NLP\GenAI\Course Project\Dataset\GTZAN\genres_original\country\country.00077.wav,country,Country Song,Bo Burnham,LYRICS_NOT_FOUND
C:\Narasimha\KLETU Related\6th Semester Related\GenAI and NLP\GenAI\Course Project\Dataset\GTZAN\genres_original\country\country.00078.wav,country,Country Song,Bo Burnham,LYRICS_NOT_FOUND
C:\Narasimha\KLETU Related\6th Semester Related\GenAI and NLP\GenAI\Course Project\Dataset\GTZAN\genres_original\country\country.00079.wav,country,Country Song,Bo Burnham,LYRICS_NOT_FOUND
C:\Narasimha\KLETU Related\6th Semester Related\GenAI and NLP\GenAI\Course Project\Dataset\GTZAN\genres_original\country\country.00080.wav,country,Country Song,Bo Burnham,LYRICS_NOT_FOUND
C:\Narasimha\KLETU Related\6th Semester Related\GenAI and NLP\GenAI\Course Project\Dataset\GTZAN\genres_original\country\country.00081.wav,country,Country Song,Bo Burnham,LYRICS_NOT_FOUND
C:\Narasimha\KLETU Related\6th Semester Related\GenAI and NLP\GenAI\Course Project\Dataset\GTZAN\genres_original\country\country.00082.wav,country,Country Song,Bo Burnham,LYRICS_NOT_FOUND
C:\Narasimha\KLETU Related\6th Semester Related\GenAI and NLP\GenAI\Course Project\Dataset\GTZAN\genres_original\country\country.00083.wav,country,Country Song,Bo Burnham,LYRICS_NOT_FOUND
C:\Narasimha\KLETU Related\6th Semester Related\GenAI and NLP\GenAI\Course Project\Dataset\GTZAN\genres_original\country\country.00084.wav,country,Country Song,Bo Burnham,LYRICS_NOT_FOUND
C:\Narasimha\KLETU Related\6th Semester Related\GenAI and NLP\GenAI\Course Project\Dataset\GTZAN\genres_original\country\country.00085.wav,country,Country Song,Bo Burnham,LYRICS_NOT_FOUND
C:\Narasimha\KLETU Related\6th Semester Related\GenAI and NLP\GenAI\Course Project\Dataset\GTZAN\genres_original\country\country.00086.wav,country,Country Song,Bo Burnham,LYRICS_NOT_FOUND
C:\Narasimha\KLETU Related\6th Semester Related\GenAI and NLP\GenAI\Course Project\Dataset\GTZAN\genres_original\country\country.00087.wav,country,Country Song,Bo Burnham,LYRICS_NOT_FOUND
C:\Narasimha\KLETU Related\6th Semester Related\GenAI and NLP\GenAI\Course Project\Dataset\GTZAN\genres_original\country\country.00088.wav,country,Country Song,Bo Burnham,LYRICS_NOT_FOUND
C:\Narasimha\KLETU Related\6th Semester Related\GenAI and NLP\GenAI\Course Project\Dataset\GTZAN\genres_original\country\country.00089.wav,country,Country Song,Bo Burnham,LYRICS_NOT_FOUND
C:\Narasimha\KLETU Related\6th Semester Related\GenAI and NLP\GenAI\Course Project\Dataset\GTZAN\genres_original\country\country.00090.wav,country,Country Song,Bo Burnham,LYRICS_NOT_FOUND
C:\Narasimha\KLETU Related\6th Semester Related\GenAI and NLP\GenAI\Course Project\Dataset\GTZAN\genres_original\country\country.00091.wav,country,Country Song,Bo Burnham,LYRICS_NOT_FOUND
C:\Narasimha\KLETU Related\6th Semester Related\GenAI and NLP\GenAI\Course Project\Dataset\GTZAN\genres_original\country\country.00092.wav,country,Country Song,Bo Burnham,LYRICS_NOT_FOUND
C:\Narasimha\KLETU Related\6th Semester Related\GenAI and NLP\GenAI\Course Project\Dataset\GTZAN\genres_original\country\country.00093.wav,country,Country Song,Bo Burnham,LYRICS_NOT_FOUND
C:\Narasimha\KLETU Related\6th Semester Related\GenAI and NLP\GenAI\Course Project\Dataset\GTZAN\genres_original\country\country.00094.wav,country,Country Song,Bo Burnham,LYRICS_NOT_FOUND
C:\Narasimha\KLETU Related\6th Semester Related\GenAI and NLP\GenAI\Course Project\Dataset\GTZAN\genres_original\country\country.00095.wav,country,Country Song,Bo Burnham,LYRICS_NOT_FOUND
C:\Narasimha\KLETU Related\6th Semester Related\GenAI and NLP\GenAI\Course Project\Dataset\GTZAN\genres_original\country\country.00096.wav,country,Country Song,Bo Burnham,LYRICS_NOT_FOUND
C:\Narasimha\KLETU Related\6th Semester Related\GenAI and NLP\GenAI\Course Project\Dataset\GTZAN\genres_original\country\country.00097.wav,country,Country Song,Bo Burnham,LYRICS_NOT_FOUND
C:\Narasimha\KLETU Related\6th Semester Related\GenAI and NLP\GenAI\Course Project\Dataset\GTZAN\genres_original\country\country.00098.wav,country,Country Song,Bo Burnham,LYRICS_NOT_FOUND
C:\Narasimha\KLETU Related\6th Semester Related\GenAI and NLP\GenAI\Course Project\Dataset\GTZAN\genres_original\country\country.00099.wav,country,Country Song,Bo Burnham,LYRICS_NOT_FOUND
C:\Narasimha\KLETU Related\6th Semester Related\GenAI and NLP\GenAI\Course Project\Dataset\GTZAN\genres_original\disco\disco.00000.wav,disco,Once I Had a Love (AKA The Disco Song),Blondie,LYRICS_NOT_FOUND
C:\Narasimha\KLETU Related\6th Semester Related\GenAI and NLP\GenAI\Course Project\Dataset\GTZAN\genres_original\disco\disco.00001.wav,disco,Once I Had a Love (AKA The Disco Song),Blondie,LYRICS_NOT_FOUND
C:\Narasimha\KLETU Related\6th Semester Related\GenAI and NLP\GenAI\Course Project\Dataset\GTZAN\genres_original\disco\disco.00002.wav,disco,Once I Had a Love (AKA The Disco Song),Blondie,LYRICS_NOT_FOUND
C:\Narasimha\KLETU Related\6th Semester Related\GenAI and NLP\GenAI\Course Project\Dataset\GTZAN\genres_original\disco\disco.00003.wav,disco,Once I Had a Love (AKA The Disco Song),Blondie,LYRICS_NOT_FOUND
C:\Narasimha\KLETU Related\6th Semester Related\GenAI and NLP\GenAI\Course Project\Dataset\GTZAN\genres_original\disco\disco.00004.wav,disco,Once I Had a Love (AKA The Disco Song),Blondie,LYRICS_NOT_FOUND
C:\Narasimha\KLETU Related\6th Semester Related\GenAI and NLP\GenAI\Course Project\Dataset\GTZAN\genres_original\disco\disco.00005.wav,disco,Once I Had a Love (AKA The Disco Song),Blondie,LYRICS_NOT_FOUND
C:\Narasimha\KLETU Related\6th Semester Related\GenAI and NLP\GenAI\Course Project\Dataset\GTZAN\genres_original\disco\disco.00006.wav,disco,Once I Had a Love (AKA The Disco Song),Blondie,LYRICS_NOT_FOUND
C:\Narasimha\KLETU Related\6th Semester Related\GenAI and NLP\GenAI\Course Project\Dataset\GTZAN\genres_original\disco\disco.00007.wav,disco,Once I Had a Love (AKA The Disco Song),Blondie,LYRICS_NOT_FOUND
C:\Narasimha\KLETU Related\6th Semester Related\GenAI and NLP\GenAI\Course Project\Dataset\GTZAN\genres_original\disco\disco.00008.wav,disco,Once I Had a Love (AKA The Disco Song),Blondie,LYRICS_NOT_FOUND
C:\Narasimha\KLETU Related\6th Semester Related\GenAI and NLP\GenAI\Course Project\Dataset\GTZAN\genres_original\disco\disco.00009.wav,disco,Once I Had a Love (AKA The Disco Song),Blondie,LYRICS_NOT_FOUND
C:\Narasimha\KLETU Related\6th Semester Related\GenAI and NLP\GenAI\Course Project\Dataset\GTZAN\genres_original\disco\disco.00010.wav,disco,Once I Had a Love (AKA The Disco Song),Blondie,LYRICS_NOT_FOUND
C:\Narasimha\KLETU Related\6th Semester Related\GenAI and NLP\GenAI\Course Project\Dataset\GTZAN\genres_original\disco\disco.00011.wav,disco,Once I Had a Love (AKA The Disco Song),Blondie,LYRICS_NOT_FOUND
C:\Narasimha\KLETU Related\6th Semester Related\GenAI and NLP\GenAI\Course Project\Dataset\GTZAN\genres_original\disco\disco.00012.wav,disco,Once I Had a Love (AKA The Disco Song),Blondie,LYRICS_NOT_FOUND
C:\Narasimha\KLETU Related\6th Semester Related\GenAI and NLP\GenAI\Course Project\Dataset\GTZAN\genres_original\disco\disco.00013.wav,disco,Once I Had a Love (AKA The Disco Song),Blondie,LYRICS_NOT_FOUND
C:\Narasimha\KLETU Related\6th Semester Related\GenAI and NLP\GenAI\Course Project\Dataset\GTZAN\genres_original\disco\disco.00014.wav,disco,Once I Had a Love (AKA The Disco Song),Blondie,LYRICS_NOT_FOUND
C:\Narasimha\KLETU Related\6th Semester Related\GenAI and NLP\GenAI\Course Project\Dataset\GTZAN\genres_original\disco\disco.00015.wav,disco,Once I Had a Love (AKA The Disco Song),Blondie,LYRICS_NOT_FOUND
C:\Narasimha\KLETU Related\6th Semester Related\GenAI and NLP\GenAI\Course Project\Dataset\GTZAN\genres_original\disco\disco.00016.wav,disco,Once I Had a Love (AKA The Disco Song),Blondie,LYRICS_NOT_FOUND
C:\Narasimha\KLETU Related\6th Semester Related\GenAI and NLP\GenAI\Course Project\Dataset\GTZAN\genres_original\disco\disco.00017.wav,disco,Once I Had a Love (AKA The Disco Song),Blondie,LYRICS_NOT_FOUND
C:\Narasimha\KLETU Related\6th Semester Related\GenAI and NLP\GenAI\Course Project\Dataset\GTZAN\genres_original\disco\disco.00018.wav,disco,Once I Had a Love (AKA The Disco Song),Blondie,LYRICS_NOT_FOUND
C:\Narasimha\KLETU Related\6th Semester Related\GenAI and NLP\GenAI\Course Project\Dataset\GTZAN\genres_original\disco\disco.00019.wav,disco,Once I Had a Love (AKA The Disco Song),Blondie,LYRICS_NOT_FOUND
C:\Narasimha\KLETU Related\6th Semester Related\GenAI and NLP\GenAI\Course Project\Dataset\GTZAN\genres_original\disco\disco.00020.wav,disco,Once I Had a Love (AKA The Disco Song),Blondie,LYRICS_NOT_FOUND
